{"cameraMode":{"drawMode":0,"name":"Shaded","section":"Shading Mode"},"sceneLighting":false,"audioPlay":false,"sceneViewState":{"m_AlwaysRefresh":false,"showFog":true,"showSkybox":false,"showFlares":true,"showImageEffects":true,"showParticleSystems":true,"showVisualEffectGraphs":true,"m_FxEnabled":true},"in2DMode":false,"pivot":{"x":-0.0017365962266921998,"y":0.24999970197677613,"z":0.012500077486038208},"rotation":{"x":0.04412088543176651,"y":-0.9408841729164124,"z":0.1349909007549286,"w":0.3075220584869385},"size":0.4072749614715576,"orthographic":true}