{"cameraMode":{"drawMode":0,"name":"Shaded","section":"Shading Mode"},"sceneLighting":false,"audioPlay":false,"sceneViewState":{"m_AlwaysRefresh":false,"showFog":true,"showSkybox":false,"showFlares":true,"showImageEffects":true,"showParticleSystems":true,"showVisualEffectGraphs":true,"m_FxEnabled":true},"in2DMode":false,"pivot":{"x":-2.9802322387695315e-8,"y":1.000000238418579,"z":0.004499852657318115},"rotation":{"x":0.04412088543176651,"y":-0.9408841729164124,"z":0.1349909007549286,"w":0.3075220584869385},"size":1.1829195022583008,"orthographic":true}