{"cameraMode":{"drawMode":0,"name":"Shaded","section":"Shading Mode"},"sceneLighting":false,"audioPlay":false,"sceneViewState":{"m_AlwaysRefresh":false,"showFog":true,"showSkybox":false,"showFlares":true,"showImageEffects":true,"showParticleSystems":true,"showVisualEffectGraphs":true,"m_FxEnabled":true},"in2DMode":false,"pivot":{"x":0.0000029280781745910646,"y":0.0468749962747097,"z":0.0000055730342864990238},"rotation":{"x":-0.19752082228660584,"y":0.5807522535324097,"z":-0.14786598086357118,"w":-0.775795578956604},"size":0.20260532200336457,"orthographic":false}