{"cameraMode":{"drawMode":0,"name":"Shaded","section":"Shading Mode"},"sceneLighting":false,"audioPlay":false,"sceneViewState":{"m_AlwaysRefresh":false,"showFog":true,"showSkybox":false,"showFlares":true,"showImageEffects":true,"showParticleSystems":true,"showVisualEffectGraphs":true,"m_FxEnabled":true},"in2DMode":false,"pivot":{"x":0.029466398060321809,"y":0.2500000596046448,"z":0.019347436726093293},"rotation":{"x":-0.19752082228660584,"y":0.5807522535324097,"z":-0.14786598086357118,"w":-0.775795578956604},"size":0.3779175281524658,"orthographic":false}