{"cameraMode":{"drawMode":0,"name":"Shaded","section":"Shading Mode"},"sceneLighting":false,"audioPlay":false,"sceneViewState":{"m_AlwaysRefresh":false,"showFog":true,"showSkybox":false,"showFlares":true,"showImageEffects":true,"showParticleSystems":true,"showVisualEffectGraphs":true,"m_FxEnabled":true},"in2DMode":false,"pivot":{"x":-0.004612445831298828,"y":0.7030704617500305,"z":0.011385440826416016},"rotation":{"x":0.12539555132389069,"y":-0.4966863989830017,"z":0.07278222590684891,"w":0.8557355403900147},"size":0.902454137802124,"orthographic":false}