{"cameraMode":{"drawMode":0,"name":"Shaded","section":"Shading Mode"},"sceneLighting":false,"audioPlay":false,"sceneViewState":{"m_AlwaysRefresh":false,"showFog":true,"showSkybox":false,"showFlares":true,"showImageEffects":true,"showParticleSystems":true,"showVisualEffectGraphs":true,"m_FxEnabled":true},"in2DMode":false,"pivot":{"x":0.44480443000793459,"y":0.06683516502380371,"z":0.1687086820602417},"rotation":{"x":-0.45824968814849856,"y":0.4255441129207611,"z":-0.26579949259757998,"w":-0.7336767911911011},"size":1.4158810377120972,"orthographic":false}