{"cameraMode":{"drawMode":0,"name":"Shaded","section":"Shading Mode"},"sceneLighting":false,"audioPlay":false,"sceneViewState":{"m_AlwaysRefresh":false,"showFog":true,"showSkybox":false,"showFlares":true,"showImageEffects":true,"showParticleSystems":true,"showVisualEffectGraphs":true,"m_FxEnabled":true},"in2DMode":false,"pivot":{"x":0.06349372863769531,"y":1.0558648109436036,"z":0.4353333115577698},"rotation":{"x":0.0024277314078062774,"y":-0.5874423980712891,"z":0.001762316795065999,"w":0.8092601895332336},"size":1.0661892890930176,"orthographic":false}