{"cameraMode":{"drawMode":0,"name":"Shaded","section":"Shading Mode"},"sceneLighting":false,"audioPlay":false,"sceneViewState":{"m_AlwaysRefresh":false,"showFog":true,"showSkybox":false,"showFlares":true,"showImageEffects":true,"showParticleSystems":true,"showVisualEffectGraphs":true,"m_FxEnabled":true},"in2DMode":false,"pivot":{"x":0.0017372369766235352,"y":1.1250004768371583,"z":-0.05000005662441254},"rotation":{"x":0.04412088543176651,"y":-0.9408841729164124,"z":0.1349909007549286,"w":0.3075220584869385},"size":1.1977579593658448,"orthographic":true}