{"cameraMode":{"drawMode":0,"name":"Shaded","section":"Shading Mode"},"sceneLighting":false,"audioPlay":false,"sceneViewState":{"m_AlwaysRefresh":false,"showFog":true,"showSkybox":false,"showFlares":true,"showImageEffects":true,"showParticleSystems":true,"showVisualEffectGraphs":true,"m_FxEnabled":true},"in2DMode":false,"pivot":{"x":3.5762786865234377e-7,"y":0.5176326632499695,"z":-0.0500001460313797},"rotation":{"x":0.08834686875343323,"y":-0.7750181555747986,"z":0.11119388788938523,"w":0.6157779693603516},"size":0.9702023267745972,"orthographic":false}