{"cameraMode":{"drawMode":0,"name":"Shaded","section":"Shading Mode"},"sceneLighting":false,"audioPlay":false,"sceneViewState":{"m_AlwaysRefresh":false,"showFog":true,"showSkybox":false,"showFlares":true,"showImageEffects":true,"showParticleSystems":true,"showVisualEffectGraphs":true,"m_FxEnabled":true},"in2DMode":false,"pivot":{"x":0.17412400245666505,"y":1.0234856605529786,"z":0.9131612181663513},"rotation":{"x":0.1597214639186859,"y":-0.622298002243042,"z":0.13166317343711854,"w":0.7549197673797607},"size":1.5522642135620118,"orthographic":false}