{"cameraMode":{"drawMode":0,"name":"Shaded","section":"Shading Mode"},"sceneLighting":false,"audioPlay":false,"sceneViewState":{"m_AlwaysRefresh":false,"showFog":true,"showSkybox":false,"showFlares":true,"showImageEffects":true,"showParticleSystems":true,"showVisualEffectGraphs":true,"m_FxEnabled":true},"in2DMode":false,"pivot":{"x":-2.980232238769531e-7,"y":0.37500014901161196,"z":-0.06375007331371308},"rotation":{"x":-0.4122244119644165,"y":0.49043434858322146,"z":-0.2832953631877899,"w":-0.7136516571044922},"size":0.8953015208244324,"orthographic":false}