{"cameraMode":{"drawMode":0,"name":"Shaded","section":"Shading Mode"},"sceneLighting":false,"audioPlay":false,"sceneViewState":{"m_AlwaysRefresh":false,"showFog":true,"showSkybox":false,"showFlares":true,"showImageEffects":true,"showParticleSystems":true,"showVisualEffectGraphs":true,"m_FxEnabled":true},"in2DMode":false,"pivot":{"x":7.450580596923828e-9,"y":1.862645149230957e-9,"z":0.0035335668362677099},"rotation":{"x":0.1441977620124817,"y":-0.45771875977516177,"z":0.0755111575126648,"w":0.8740715384483337},"size":0.04038704186677933,"orthographic":false}