{"cameraMode":{"drawMode":0,"name":"Shaded","section":"Shading Mode"},"sceneLighting":false,"audioPlay":false,"sceneViewState":{"m_AlwaysRefresh":false,"showFog":true,"showSkybox":false,"showFlares":true,"showImageEffects":true,"showParticleSystems":true,"showVisualEffectGraphs":true,"m_FxEnabled":true},"in2DMode":false,"pivot":{"x":0.33199024200439455,"y":2.3067405223846437,"z":2.1574978828430177},"rotation":{"x":-0.1463298499584198,"y":-0.3968367874622345,"z":0.06424508988857269,"w":-0.9038705825805664},"size":3.2004523277282717,"orthographic":true}