{"cameraMode":{"drawMode":0,"name":"Shaded","section":"Shading Mode"},"sceneLighting":false,"audioPlay":false,"sceneViewState":{"m_AlwaysRefresh":false,"showFog":true,"showSkybox":false,"showFlares":true,"showImageEffects":true,"showParticleSystems":true,"showVisualEffectGraphs":true,"m_FxEnabled":true},"in2DMode":false,"pivot":{"x":2.384185791015625e-7,"y":0.5050555467605591,"z":-0.050000205636024478},"rotation":{"x":0.08834686875343323,"y":-0.7750181555747986,"z":0.11119388788938523,"w":0.6157779693603516},"size":0.7837045788764954,"orthographic":false}