{"cameraMode":{"drawMode":0,"name":"Shaded","section":"Shading Mode"},"sceneLighting":true,"audioPlay":false,"sceneViewState":{"m_AlwaysRefresh":false,"showFog":true,"showSkybox":true,"showFlares":true,"showImageEffects":true,"showParticleSystems":true,"showVisualEffectGraphs":true,"m_FxEnabled":true},"in2DMode":false,"pivot":{"x":0.2769894599914551,"y":1.5847835540771485,"z":0.5097289085388184},"rotation":{"x":-0.09136677533388138,"y":0.9011548161506653,"z":-0.2323211133480072,"w":-0.35440587997436526},"size":8.482355117797852,"orthographic":false}