{"cameraMode":{"drawMode":0,"name":"Shaded","section":"Shading Mode"},"sceneLighting":false,"audioPlay":false,"sceneViewState":{"m_AlwaysRefresh":false,"showFog":true,"showSkybox":false,"showFlares":true,"showImageEffects":true,"showParticleSystems":true,"showVisualEffectGraphs":true,"m_FxEnabled":true},"in2DMode":false,"pivot":{"x":-0.0037492215633392336,"y":0.6937504410743713,"z":0.01250012218952179},"rotation":{"x":-0.16787412762641908,"y":0.7788527011871338,"z":-0.2348068505525589,"w":-0.5568523406982422},"size":0.8174224495887756,"orthographic":false}