{"cameraMode":{"drawMode":0,"name":"Shaded","section":"Shading Mode"},"sceneLighting":false,"audioPlay":false,"sceneViewState":{"m_AlwaysRefresh":false,"showFog":true,"showSkybox":false,"showFlares":true,"showImageEffects":true,"showParticleSystems":true,"showVisualEffectGraphs":true,"m_FxEnabled":true},"in2DMode":false,"pivot":{"x":0.4853537082672119,"y":-0.2987602949142456,"z":0.7310125827789307},"rotation":{"x":0.11442204564809799,"y":-0.4898873269557953,"z":0.06504341959953308,"w":0.8617939352989197},"size":2.1886816024780275,"orthographic":false}