{"cameraMode":{"drawMode":0,"name":"Shaded","section":"Shading Mode"},"sceneLighting":false,"audioPlay":false,"sceneViewState":{"m_AlwaysRefresh":false,"showFog":true,"showSkybox":false,"showFlares":true,"showImageEffects":true,"showParticleSystems":true,"showVisualEffectGraphs":true,"m_FxEnabled":true},"in2DMode":false,"pivot":{"x":5.960464477539063e-8,"y":0.37499991059303286,"z":-0.062499821186065677},"rotation":{"x":0.05628812685608864,"y":-0.6582039594650269,"z":0.04945806786417961,"w":0.7491011619567871},"size":0.698771595954895,"orthographic":false}